CREATE SCHEMA IF NOT EXISTS `Offices`;

DROP TABLE IF EXISTS Rooms;

CREATE TABLE Rooms (
  room VARCHAR(15),
  capacity INT
);

INSERT INTO Rooms VALUES ('Dreyer-201',12);
INSERT INTO Rooms VALUES ('Zuse-127',10);
INSERT INTO Rooms VALUES ('Shannon-164',30);
INSERT INTO Rooms VALUES ('Shannon-157',40);
INSERT INTO Rooms VALUES ('Shannon-159',38);
INSERT INTO Rooms VALUES ('Wiener-026',30);
INSERT INTO Rooms VALUES ('Hopper-334A',4);
INSERT INTO Rooms VALUES ('Ada-333',26);
INSERT INTO Rooms VALUES ('Turing-029',8);
INSERT INTO Rooms VALUES ('Turing-129',8);
INSERT INTO Rooms VALUES ('Turing-230',12);
INSERT INTO Rooms VALUES ('Turing-130',12);
INSERT INTO Rooms VALUES ('Turing-030',12);
INSERT INTO Rooms VALUES ('Stibitz-123',12);
INSERT INTO Rooms VALUES ('Hopper-334',4);
INSERT INTO Rooms VALUES ('Shannon-156',24);
INSERT INTO Rooms VALUES ('Stibitz-113',12);
INSERT INTO Rooms VALUES ('Undervisning',36);
INSERT INTO Rooms VALUES ('Store-Aud',152);
INSERT INTO Rooms VALUES ('Lille-Aud',70);
INSERT INTO Rooms VALUES ('Turing-014',26);
INSERT INTO Rooms VALUES ('Turing-229',8);
INSERT INTO Rooms VALUES ('D-01',25);
INSERT INTO Rooms VALUES ('D-02',18);
INSERT INTO Rooms VALUES ('D-03',18);
INSERT INTO Rooms VALUES ('Aud-D1',100);
INSERT INTO Rooms VALUES ('Aud-D2',100);
INSERT INTO Rooms VALUES ('Aud-D4',62);
INSERT INTO Rooms VALUES ('Aud-G1',85);
INSERT INTO Rooms VALUES ('Aud-G2',85);
INSERT INTO Rooms VALUES ('Kol-G3',22);
INSERT INTO Rooms VALUES ('Kol-G4',22);
INSERT INTO Rooms VALUES ('G-32',20);
INSERT INTO Rooms VALUES ('G-33',20);
INSERT INTO Rooms VALUES ('Aud-E',286);
INSERT INTO Rooms VALUES ('Aud-F',165);
INSERT INTO Rooms VALUES ('Hopper-243',12);
INSERT INTO Rooms VALUES ('Ada-018',20);
INSERT INTO Rooms VALUES ('090-112',4);
INSERT INTO Rooms VALUES ('090-114',4);
INSERT INTO Rooms VALUES ('090-117',4);
INSERT INTO Rooms VALUES ('090-214',4);
INSERT INTO Rooms VALUES ('5511-033',4);
INSERT INTO Rooms VALUES ('Ada-020',4);
INSERT INTO Rooms VALUES ('Ada-115',4);
INSERT INTO Rooms VALUES ('Ada-116',4);
INSERT INTO Rooms VALUES ('Ada-118',4);
INSERT INTO Rooms VALUES ('Ada-119',4);
INSERT INTO Rooms VALUES ('Ada-120',4);
INSERT INTO Rooms VALUES ('Ada-121',4);
INSERT INTO Rooms VALUES ('Ada-123',4);
INSERT INTO Rooms VALUES ('Ada-124',4);
INSERT INTO Rooms VALUES ('Ada-125',4);
INSERT INTO Rooms VALUES ('Ada-126',4);
INSERT INTO Rooms VALUES ('Ada-127',4);
INSERT INTO Rooms VALUES ('Ada-128',4);
INSERT INTO Rooms VALUES ('Ada-129',4);
INSERT INTO Rooms VALUES ('Ada-130',4);
INSERT INTO Rooms VALUES ('Ada-213',4);
INSERT INTO Rooms VALUES ('Ada-214',4);
INSERT INTO Rooms VALUES ('Ada-216',4);
INSERT INTO Rooms VALUES ('Ada-217',4);
INSERT INTO Rooms VALUES ('Ada-218',4);
INSERT INTO Rooms VALUES ('Ada-220',4);
INSERT INTO Rooms VALUES ('Ada-221',4);
INSERT INTO Rooms VALUES ('Ada-223',4);
INSERT INTO Rooms VALUES ('Ada-224',4);
INSERT INTO Rooms VALUES ('Ada-225',4);
INSERT INTO Rooms VALUES ('Ada-226',4);
INSERT INTO Rooms VALUES ('Ada-227',4);
INSERT INTO Rooms VALUES ('Ada-228',4);
INSERT INTO Rooms VALUES ('Ada-229',4);
INSERT INTO Rooms VALUES ('Ada-230',4);
INSERT INTO Rooms VALUES ('Hopper-017',4);
INSERT INTO Rooms VALUES ('Hopper-018',4);
INSERT INTO Rooms VALUES ('Hopper-019',4);
INSERT INTO Rooms VALUES ('Hopper-021',4);
INSERT INTO Rooms VALUES ('Hopper-022',4);
INSERT INTO Rooms VALUES ('Hopper-023',4);
INSERT INTO Rooms VALUES ('Hopper-024',4);
INSERT INTO Rooms VALUES ('Hopper-025',4);
INSERT INTO Rooms VALUES ('Hopper-026',4);
INSERT INTO Rooms VALUES ('Hopper-027',4);
INSERT INTO Rooms VALUES ('Hopper-030',4);
INSERT INTO Rooms VALUES ('Hopper-032',4);
INSERT INTO Rooms VALUES ('Hopper-038',4);
INSERT INTO Rooms VALUES ('Hopper-117',4);
INSERT INTO Rooms VALUES ('Hopper-118',4);
INSERT INTO Rooms VALUES ('Hopper-119',4);
INSERT INTO Rooms VALUES ('Hopper-121',4);
INSERT INTO Rooms VALUES ('Hopper-122',4);
INSERT INTO Rooms VALUES ('Hopper-123',4);
INSERT INTO Rooms VALUES ('Hopper-124',4);
INSERT INTO Rooms VALUES ('Hopper-125',4);
INSERT INTO Rooms VALUES ('Hopper-126',4);
INSERT INTO Rooms VALUES ('Hopper-127',4);
INSERT INTO Rooms VALUES ('Hopper-128',4);
INSERT INTO Rooms VALUES ('Hopper-133',4);
INSERT INTO Rooms VALUES ('Hopper-134',4);
INSERT INTO Rooms VALUES ('Hopper-135',4);
INSERT INTO Rooms VALUES ('Hopper-217',4);
INSERT INTO Rooms VALUES ('Hopper-218',4);
INSERT INTO Rooms VALUES ('Hopper-219',4);
INSERT INTO Rooms VALUES ('Hopper-222',4);
INSERT INTO Rooms VALUES ('Hopper-223',4);
INSERT INTO Rooms VALUES ('Hopper-224',4);
INSERT INTO Rooms VALUES ('Hopper-225',4);
INSERT INTO Rooms VALUES ('Hopper-226',4);
INSERT INTO Rooms VALUES ('Hopper-227',4);
INSERT INTO Rooms VALUES ('Hopper-228',4);
INSERT INTO Rooms VALUES ('Hopper-230',4);
INSERT INTO Rooms VALUES ('Hopper-231',4);
INSERT INTO Rooms VALUES ('Hopper-232',4);
INSERT INTO Rooms VALUES ('Hopper-236',4);
INSERT INTO Rooms VALUES ('Hopper-326',4);
INSERT INTO Rooms VALUES ('Turing-021',4);
INSERT INTO Rooms VALUES ('Turing-023',4);
INSERT INTO Rooms VALUES ('Turing-024',4);
INSERT INTO Rooms VALUES ('Turing-025',4);
INSERT INTO Rooms VALUES ('Turing-026',4);
INSERT INTO Rooms VALUES ('Turing-027',4);
INSERT INTO Rooms VALUES ('Turing-028',4);
INSERT INTO Rooms VALUES ('Turing-114',4);
INSERT INTO Rooms VALUES ('Turing-116',4);
INSERT INTO Rooms VALUES ('Turing-117',4);
INSERT INTO Rooms VALUES ('Turing-118',4);
INSERT INTO Rooms VALUES ('Turing-119',4);
INSERT INTO Rooms VALUES ('Turing-121',4);
INSERT INTO Rooms VALUES ('Turing-122',4);
INSERT INTO Rooms VALUES ('Turing-123',4);
INSERT INTO Rooms VALUES ('Turing-124',4);
INSERT INTO Rooms VALUES ('Turing-125',4);
INSERT INTO Rooms VALUES ('Turing-126',4);
INSERT INTO Rooms VALUES ('Turing-127',4);
INSERT INTO Rooms VALUES ('Turing-213',4);
INSERT INTO Rooms VALUES ('Turing-215',4);
INSERT INTO Rooms VALUES ('Turing-216',4);
INSERT INTO Rooms VALUES ('Turing-217',4);
INSERT INTO Rooms VALUES ('Turing-218',4);
INSERT INTO Rooms VALUES ('Turing-220',4);
INSERT INTO Rooms VALUES ('Turing-221',4);
INSERT INTO Rooms VALUES ('Turing-222',4);
INSERT INTO Rooms VALUES ('Turing-223',4);
INSERT INTO Rooms VALUES ('Turing-224',4);
INSERT INTO Rooms VALUES ('Turing-225',4);
INSERT INTO Rooms VALUES ('Turing-226',4);
INSERT INTO Rooms VALUES ('Turing-227',4);
INSERT INTO Rooms VALUES ('Turing-228',4);
INSERT INTO Rooms VALUES ('Wiener-131',4);
INSERT INTO Rooms VALUES('PBA',200);
INSERT INTO Rooms VALUES('Nygaard-257',1);
INSERT INTO Rooms VALUES('Nygaard-341',2);
INSERT INTO Rooms VALUES('Nygaard-344',2);
INSERT INTO Rooms VALUES('Nygaard-321',1);
INSERT INTO Rooms VALUES('Study Cafe',60);

DROP TABLE IF EXISTS People;

CREATE TABLE `People`(
    `name` VARCHAR(40),
    `office` VARCHAR(15),
    `userid` VARCHAR(15),
    `group` CHAR(3)
);

INSERT INTO People VALUES('Adam Ehlers Nyholm Thomsen','Turing-127','adament','tap');
INSERT INTO People VALUES('Allan Grønlund Jørgensen','Turing-124','jallan','phd');
INSERT INTO People VALUES('Allan Rasmusson','Ada-020','alras','phd');
INSERT INTO People VALUES('Anders Bach Nielsen','Ada-213','abachn','phd');
INSERT INTO People VALUES('Anders Ebert','Hopper-032','ebert','tap');
INSERT INTO People VALUES('Anders Enghave Larsen','Hopper-025','enghave','tap');
INSERT INTO People VALUES('Anders Hessellund Jensen','Turing-126','ahj','phd');
INSERT INTO People VALUES('Anders Møller','Turing-224','amoeller','vip');
INSERT INTO People VALUES('Anders Torp Brodersen','Wiener-131','rip','phd');
INSERT INTO People VALUES('Anette Hviid','Ada-126','ahviid','tap');
INSERT INTO People VALUES('Anja Krag Svennesen','Ada-123','aks','tap');
INSERT INTO People VALUES('Ann Eg Mølhave','Ada-116','aem','tap');
INSERT INTO People VALUES('Arne Nis Jensen','Ada-128','ajensen','tap');
INSERT INTO People VALUES('Aviaja Borup Hansen','Hopper-128','aviaja','phd');
INSERT INTO People VALUES('Balasuthas Sundararajah','Hopper-126','suthas','tap');
INSERT INTO People VALUES('Birgit Pedersen','5511-033','birgitp','tap');
INSERT INTO People VALUES('Bjarke Hammersholt Roune','Turing-021','bjarke','phd');
INSERT INTO People VALUES('Brian Bunch Christensen','Ada-020','bbc','phd');
INSERT INTO People VALUES('Brian H. Mayoh','Ada-230','brian','vip');
INSERT INTO People VALUES('Carolin Lunemann','Turing-221','carolin','phd');
INSERT INTO People VALUES('Carsten Valdemar Munk','Hopper-228','cvm','tap');
INSERT INTO People VALUES('Christer Vindberg','Ada-121','u011271','tap');
INSERT INTO People VALUES('Christian Hofer','Turing-225','hofer','phd');
INSERT INTO People VALUES('Christian Nørgaard Storm Pedersen','090-112','cstorm','vip');
INSERT INTO People VALUES('Christian Sinding Nellemann','Hopper-134','csn','tap');
INSERT INTO People VALUES('Claudio Orlandi','Turing-223','orlandi','phd');
INSERT INTO People VALUES('Clemens Nylandsted Klokmose','Hopper-117','clemens','phd');
INSERT INTO People VALUES('Doina Bucur',NULL,'doina','phd');
INSERT INTO People VALUES('Dorthe Haagen Nielsen','Ada-127','dortheas','tap');
INSERT INTO People VALUES('Ellen Kjemtrup Lindstrøm','Ada-125','ellenl','tap');
INSERT INTO People VALUES('Else Magård','Turing-114','ema','tap');
INSERT INTO People VALUES('Erik Ernst','Turing-218','eernst','vip');
INSERT INTO People VALUES('Frank Allan Hansen','Hopper-119','fah','vip');
INSERT INTO People VALUES('Fatemeh Zardbani','Nygaard-344','fatemeh','phd');
INSERT INTO People VALUES('Fred Mosekjær Madsen','Hopper-018','fred','tap');
INSERT INTO People VALUES('Gert Læssøe Mikkelsen','Turing-218','gert','phd');
INSERT INTO People VALUES('Gerth Stølting Brodal','Nygaard-321','gerth','vip');
INSERT INTO People VALUES('Goncalo Teofilo Afonso Pinhei','Hopper-219','afonso','tap');
INSERT INTO People VALUES('Gudmund Skovbjerg Frandsen','Turing-028','gudmund','vip');
INSERT INTO People VALUES('Guillaume Escamocher','Turing-027','ge','phd');
INSERT INTO People VALUES('Gunnar Kramp','Hopper-232','gkramp','tap');
INSERT INTO People VALUES('Hanne Friis Jensen','Ada-115','hfj','tap');
INSERT INTO People VALUES('Hans Henrik Brandenborg Søren','Turing-021','hansh','vip');
INSERT INTO People VALUES('Henning Gregers Jensen','Ada-129','hgj','tap');
INSERT INTO People VALUES('Henrik Blunck','Turing-125','blunck','vip');
INSERT INTO People VALUES('Henrik Bærbak Christensen','Hopper-218','hbc','vip');
INSERT INTO People VALUES('Ian Zerny','Hopper-227','zerny','tap');
INSERT INTO People VALUES('Ira Assent','Nygaard-357','ira','vip');
INSERT INTO People VALUES('Ivan Bjerre Damgård','Turing-216','ivan','vip');
INSERT INTO People VALUES('Jacob Andersen','Ada-229','andersen','phd');
INSERT INTO People VALUES('Jacob Styrup Bang','Hopper-027','styrup','tap');
INSERT INTO People VALUES('Jakob Langdal Jensen','Hopper-121','jakobl','phd');
INSERT INTO People VALUES('Jakob Løvstad Funder','Turing-221','funder','phd');
INSERT INTO People VALUES('Jan Elgaard','Hopper-032','jel','tap');
INSERT INTO People VALUES('Janus Dam Nielsen','Turing-223','fagidiot','phd');
INSERT INTO People VALUES('Jeppe Brønsted','Hopper-217','jb','phd');
INSERT INTO People VALUES('Jeppe Lauridsen','Hopper-026','jeppe','tap');
INSERT INTO People VALUES('Jesper Buus Nielsen','Turing-217','buus','vip');
INSERT INTO People VALUES('Jesper Moeslund Eshøj','Turing-121','greforb','phd');
INSERT INTO People VALUES('Jesper Nielsen','Hopper-135','jespern','phd');
INSERT INTO People VALUES('Jesper Wolff Olsen','Hopper-225','jexper','phd');
INSERT INTO People VALUES('John Rothborg Mortensen','Hopper-023','jomo','tap');
INSERT INTO People VALUES('Johnni Winther','Turing-226','jw','phd');
INSERT INTO People VALUES('Jonathan Frumer','Hopper-022','jf','tap');
INSERT INTO People VALUES('Kai Birger Nielsen','Hopper-017','bnielsen','tap');
INSERT INTO People VALUES('Kaj Grønbæk','Hopper-124','kgronbak','vip');
INSERT INTO People VALUES('Kaja P. Christiansen','Hopper-019','kaja','tap');
INSERT INTO People VALUES('Karen Johanne Kortbek','Hopper-119','kortbek','phd');
INSERT INTO People VALUES('Kari Rye Schougaard Nørgaard','Hopper-223','kari','phd');
INSERT INTO People VALUES('Karl Klose','Turing-225','klose','phd');
INSERT INTO People VALUES('Karsten Østergaard Noe','Ada-020','kn','phd');
INSERT INTO People VALUES('Kaspar Rosengreen Nielsen','Hopper-118','kaspar','vip');
INSERT INTO People VALUES('Kasper Dalgaard Larsen','Turing-127','larsen','phd');
INSERT INTO People VALUES('Katrine Scheel','Nygaard-341','scheel','phd');
INSERT INTO People VALUES('Kim Birkelund','Ada-213','sekhmet','phd');
INSERT INTO People VALUES('Kirsten Boddum-Andersen','Ada-130','boddum','tap');
INSERT INTO People VALUES('Klaus Marius Hansen','Hopper-222','marius','vip');
INSERT INTO People VALUES('Klaus Ostermann','Turing-220','ko','vip');
INSERT INTO People VALUES('Konstantinos Tsakalidis','Turing-126','tsakalid','phd');
INSERT INTO People VALUES('Kristian Bisgaard Lassen','Ada-223','k.b.lassen','phd');
INSERT INTO People VALUES('Kristian Ellebæk Kjær','Hopper-219','argo','phd');
INSERT INTO People VALUES('Kristoffer Arnsfelt Hansen','Turing-024','arnsfelt','vip');
INSERT INTO People VALUES('Kurt Jensen','Ada-220','kjensen','vip');
INSERT INTO People VALUES('Lars Arge','Turing-116','large','vip');
INSERT INTO People VALUES('Lars Michael Kristensen','Ada-228','kris','vip');
INSERT INTO People VALUES('Lasse Kosetski Deleuran','Turing-126','ld','phd');
INSERT INTO People VALUES('Lisa Marie Wells','Hopper-236','wells','vip');
INSERT INTO People VALUES('Mads Darø Kristensen','Hopper-118','madsk','phd');
INSERT INTO People VALUES('Mads Ingstrup','Hopper-225','ingstrup','phd');
INSERT INTO People VALUES('Mads Keblov Kjeldsen','Ada-225','keblov','tap');
INSERT INTO People VALUES('Maibritt Bodin Bodin','Ada-124','bodin','tap');
INSERT INTO People VALUES('Maiken Hillerup Fogtmann','Hopper-133','maikenhf','phd');
INSERT INTO People VALUES('Marianne Dammand Iversen','Ada-118','dammand','tap');
INSERT INTO People VALUES('Marianne Graves Petersen','Hopper-128','mgraves','vip');
INSERT INTO People VALUES('Mark Greve','Turing-123','mgreve','phd');
INSERT INTO People VALUES('Martin Joakim Geisler','Turing-218','mg','phd');
INSERT INTO People VALUES('Martin Mogensen','Hopper-217','spider','phd');
INSERT INTO People VALUES('Martin Olsen','Turing-124','mo','phd');
INSERT INTO People VALUES('Mathias Schwarz','Turing-226','schwarz','phd');
INSERT INTO People VALUES('Maurice Julien Jansen','Turing-024','mjjansen','vip');
INSERT INTO People VALUES('Michael Achenbach','Turing-226','ma','phd');
INSERT INTO People VALUES('Michael Bang Nielsen','Ada-020','bang','vip');
INSERT INTO People VALUES('Michael Bruus Pedersen','Hopper-030','bruus','tap');
INSERT INTO People VALUES('Michael Christensen','Hopper-231','toby','tap');
INSERT INTO People VALUES('Michael Edelgaard Caspersen','Ada-224','mec','vip');
INSERT INTO People VALUES('Michael Glad','Hopper-022','glad','tap');
INSERT INTO People VALUES('Michael I. Schwartzbach','Turing-222','mis','vip');
INSERT INTO People VALUES('Michael Westergaard','Ada-221','mw','vip');
INSERT INTO People VALUES('Mikkel Baun Kjærgaard','Hopper-223','mikkelbk','phd');
INSERT INTO People VALUES('Mikkel Krøigaard','Turing-218','mk','phd');
INSERT INTO People VALUES('Miroslava Sotakova','Turing-215','mirka','phd');
INSERT INTO People VALUES('Mogens Nielsen','Ada-216','mn','vip');
INSERT INTO People VALUES('Mohammad Abam','Turing-122','abam','vip');
INSERT INTO People VALUES('Morten Bohøj','Hopper-125','bohoej','phd');
INSERT INTO People VALUES('Morten Holdflod Møller','Hopper-118','mortenhm','tap');
INSERT INTO People VALUES('Morten Kyng','Hopper-226','mkyng','vip');
INSERT INTO People VALUES('Morten Nisker','Ada-120','nisker','tap');
INSERT INTO People VALUES('Morten Revsbæk','Turing-123','mrevs','phd');
INSERT INTO People VALUES('Morten Tranberg Hansen','Ada-229','mth','phd');
INSERT INTO People VALUES('Niels Olof Bouvin','Hopper-123','bouvin','vip');
INSERT INTO People VALUES('Niels Raabjerg Mathiasen','Hopper-127','nielsm','phd');
INSERT INTO People VALUES('Nikolaj Gandrup Borchorst','Hopper-125','ngandrup','tap');
INSERT INTO People VALUES('Nikolaos Triandopoulos','Turing-213','nikos','vip');
INSERT INTO People VALUES('Oksana Orlenko','Ada-126','oksana','tap');
INSERT INTO People VALUES('Olav Wedege Bertelsen','Hopper-224','olavb','vip');
INSERT INTO People VALUES('Ole Caprani','Hopper-038','ocaprani','vip');
INSERT INTO People VALUES('Ole Lehrmann Madsen','Hopper-326','olm','vip');
INSERT INTO People VALUES('Ole Østerby','Ada-227','oleby','vip');
INSERT INTO People VALUES('Olivier Danvy','Turing-228','danvy','vip');
INSERT INTO People VALUES('Orestis Telelis','Turing-023','telelis','vip');
INSERT INTO People VALUES('Per Sjødin','090-117','persj','vip');
INSERT INTO People VALUES('Peter Bro Miltersen','Turing-026','bromille','vip');
INSERT INTO People VALUES('Peter Dueholm Justesen','090-214','juste','phd');
INSERT INTO People VALUES('Peter Hachenberger','Turing-119','phachenb','vip');
INSERT INTO People VALUES('Peter Klith Bøcher','Turing-121','bocher','vip');
INSERT INTO People VALUES('Peter Møller-Nielsen','Ada-226','pmn','vip');
INSERT INTO People VALUES('Pooya Davoodi','Turing-119','pdavoodi','phd');
INSERT INTO People VALUES('Preben Holst Mogensen','Hopper-231','preben','vip');
INSERT INTO People VALUES('Pär-Ola Zander','Hopper-127','poz','vip');
INSERT INTO People VALUES('Rasmus Gude','Hopper-128','gude','tap');
INSERT INTO People VALUES('Rasmus Vinge','Hopper-030','rvinge','tap');
INSERT INTO People VALUES('Rocio Santillan','Turing-027','rocio','phd');
INSERT INTO People VALUES('Rune Bolding Broberg','Hopper-024','mihtjel','tap');
INSERT INTO People VALUES('Rune Thorbek','Turing-215','thorbek','phd');
INSERT INTO People VALUES('Sami Evangelista','Ada-221','evangeli','vip');
INSERT INTO People VALUES('Simon Bo Larsen','Hopper-230','simonbl','vip');
INSERT INTO People VALUES('Simon Bæk Carstensen','Ada-126','simonbc','tap');
INSERT INTO People VALUES('Simon Holm Jensen','Turing-218','simonhj','phd');
INSERT INTO People VALUES('Simon Tjell','Ada-223','tjell','phd');
INSERT INTO People VALUES('Srinivasa Rao Satti','Turing-122','ssrao','vip');
INSERT INTO People VALUES('Surayya Urazimbetova','Ada-225','surayya','tap');
INSERT INTO People VALUES('Susanne Bødker','Hopper-122','bodker','vip');
INSERT INTO People VALUES('Søren Besenbacher','090-114','besen','phd');
INSERT INTO People VALUES('Søren Boll Overgaard','Hopper-126','boll','tap');
INSERT INTO People VALUES('Søren Christensen','Ada-218','sorenchr','vip');
INSERT INTO People VALUES('Søren Ertmann','Hopper-021','sertmann','tap');
INSERT INTO People VALUES('Søren Madsen','Ada-120','sma','tap');
INSERT INTO People VALUES('Søren Poulsen','Ada-119','poulsen','tap');
INSERT INTO People VALUES('Thomas Dueholm Hansen','Turing-025','tdh','phd');
INSERT INTO People VALUES('Thomas Greve Kristensen','090-214','geko','phd');
INSERT INTO People VALUES('Thomas Mølhave','Turing-124','thomasm','phd');
INSERT INTO People VALUES('Thomas Riisgaard Hansen','Hopper-232','thomasr','vip');
INSERT INTO People VALUES('Thomas Sangild Sørensen','Ada-020','sangild','vip');
INSERT INTO People VALUES('Tillmann Rendel','Turing-227','rendel','phd');
INSERT INTO People VALUES('Tobias Baunbæk Christensen','Hopper-228','u063638','tap');
INSERT INTO People VALUES('Tony Gjerlufsen','Hopper-232','tonz','phd');
INSERT INTO People VALUES('Torben Bach Pedersen','Turing-117','tbp','vip');
INSERT INTO People VALUES('Troels Bjerre Sørensen','Turing-025','trold','phd');
INSERT INTO People VALUES('Ubbe Welling','Ada-217','ubbe','tap');
INSERT INTO People VALUES('Uffe Henrik Engberg','Ada-214','engberg','tap');
INSERT INTO People VALUES('Weishan Zhang','Hopper-219','zhangws','vip');

-- This years TAs --
INSERT INTO People VALUES('Amanda Lee','N/A','amanda','TAs');
INSERT INTO People VALUES('Anders Bo Ipsen','N/A','anders','TAs');
INSERT INTO People VALUES('Jakob Bohnsen','N/A','jakob','TAs');
INSERT INTO People VALUES('Laurits Almskou Brodal','N/A','laurits','TAs');
INSERT INTO People VALUES('Magdalena Kalin-Czerska','N/A','magdalena','TAs');
INSERT INTO People VALUES('Malik Stær Knudsen','N/A','malik','TAs');
INSERT INTO People VALUES('Mariam Al-Tamimi','N/A','mariam','TAs');
INSERT INTO People VALUES('Peter Kristoffer Peczalski','N/A','peter','TAs');
INSERT INTO People VALUES('Nishka Dasgupta','N/A','nishka','TAs');
INSERT INTO People VALUES('Rasmus Vølund Hansen','N/A','rasmus','TAs');
INSERT INTO People VALUES('Samuel Dalby Rohde Rasmussen','N/A','samuel','TAs');
INSERT INTO People VALUES('Emil Drewsen Jørgensen','N/A','emil','TAs');

DROP TABLE IF EXISTS Meetings;

CREATE TABLE `Meetings`(
    `meetid` INT,
    `date` DATE,
    `slot` INT,
    `owner` VARCHAR(15),
    `what` VARCHAR(40)
);

INSERT INTO Meetings VALUES (34716,'2022-02-25',14,'ira','DB');
INSERT INTO Meetings VALUES (34717,'2022-02-27',15,'ira','DB');
INSERT INTO Meetings VALUES (42835,'2022-02-24',18,'ira','TA-meeting');
INSERT INTO Meetings VALUES (45713,'2022-03-05',13,'sheel','Afternoon beer');
INSERT INTO Meetings VALUES (46432,'2022-03-06',14,'scheel','Belgian beer testing');
INSERT INTO Meetings VALUES (46962,'2022-03-07',14,'scheel','Return empty beer bottles');
INSERT INTO Meetings VALUES (86252,'2022-08-24',10,'ira','TA-meeting');
INSERT INTO Meetings VALUES (96241,'2022-09-03',12,'gerth','Complain about IT at AU');
INSERT INTO Meetings VALUES (12345,'2022-02-17',250,'ira','MAKE DATABASES GREAT AGAIN 2022');


DROP TABLE IF EXISTS Participants;

CREATE TABLE `Participants`(
    `meetid` INT,
    `pid` VARCHAR(15),
    `status` CHAR(1)
);

INSERT INTO Participants VALUES(34716,'Store-Aud','a');
INSERT INTO Participants VALUES(34716,'mis','a');
INSERT INTO Participants VALUES(34717,'mis','a');
INSERT INTO Participants VALUES(42835,'sigurd','d');
INSERT INTO Participants VALUES(86252,'mis','a');
INSERT INTO Participants VALUES(42835,'amoeller','a');
INSERT INTO Participants VALUES(42835,'Turing-224','a');
INSERT INTO Participants VALUES(45713,'amoeller','a');
INSERT INTO Participants VALUES(45713,'Turing-224','a');
INSERT INTO Participants VALUES(46432,'amoeller','a');
INSERT INTO Participants VALUES(46432,'Turing-224','a');
INSERT INTO Participants VALUES(46962,'amoeller','a');
INSERT INTO Participants VALUES(86252,'Turing-222','a');
INSERT INTO Participants VALUES(86252,'dam','a');
INSERT INTO Participants VALUES(86252,'jn','a');
INSERT INTO Participants VALUES(96241,'laurits','a');
INSERT INTO Participants VALUES(96241,'scheel','a');
INSERT INTO Participants VALUES(96241,'gudmund','a');
INSERT INTO Participants VALUES(96241,'ira','d');
INSERT INTO Participants VALUES(96241,'Ada-333','a');

-- This year's meeting --
INSERT INTO Participants VALUES(12345,'PBA','a');
INSERT INTO Participants VALUES(12345,'ira','a');
INSERT INTO Participants VALUES(12345,'scheel','a');
INSERT INTO Participants VALUES(12345,'amanda','a');
INSERT INTO Participants VALUES(12345,'anders','a');
INSERT INTO Participants VALUES(12345,'jakob','a');
INSERT INTO Participants VALUES(12345,'laurits','a');
INSERT INTO Participants VALUES(12345,'magdalena','a');
INSERT INTO Participants VALUES(12345,'malik','a');
INSERT INTO Participants VALUES(12345,'mariam','a');
INSERT INTO Participants VALUES(12345,'nishka','a');
INSERT INTO Participants VALUES(12345,'peter','a');
INSERT INTO Participants VALUES(12345,'rasmus','a');
INSERT INTO Participants VALUES(12345,'samuel','a');
INSERT INTO Participants VALUES(12345,'emil','a');


DROP TABLE IF EXISTS Equipment;

CREATE TABLE `Equipment`(
    `room` VARCHAR(15),
    `type` VARCHAR(20)
);

INSERT INTO Equipment VALUES ('Dreyer-201','projector');
INSERT INTO Equipment VALUES ('Zuse-127','projector');
INSERT INTO Equipment VALUES ('Shannon-164','projector');
INSERT INTO Equipment VALUES ('Shannon-157','projector');
INSERT INTO Equipment VALUES ('Shannon-159','projector');
INSERT INTO Equipment VALUES ('Wiener-026','projector');
INSERT INTO Equipment VALUES ('Hopper-334A','projector');
INSERT INTO Equipment VALUES ('Ada-333','projector');
INSERT INTO Equipment VALUES ('Turing-029','projector');
INSERT INTO Equipment VALUES ('Turing-129','projector');
INSERT INTO Equipment VALUES ('Turing-230','projector');
INSERT INTO Equipment VALUES ('Turing-130','projector');
INSERT INTO Equipment VALUES ('Turing-030','projector');
INSERT INTO Equipment VALUES ('Stibitz-123','projector');
INSERT INTO Equipment VALUES ('Hopper-334','projector');
INSERT INTO Equipment VALUES ('Shannon-156','projector');
INSERT INTO Equipment VALUES ('Stibitz-113','projector');
INSERT INTO Equipment VALUES ('Undervisning','projector');
INSERT INTO Equipment VALUES ('Store-Aud','projector');
INSERT INTO Equipment VALUES ('Lille-Aud','projector');
INSERT INTO Equipment VALUES ('Turing-014','projector');
INSERT INTO Equipment VALUES ('Turing-229','projector');
INSERT INTO Equipment VALUES ('Aud-D1','projector');
INSERT INTO Equipment VALUES ('Aud-D2','projector');
INSERT INTO Equipment VALUES ('Aud-D4','projector');
INSERT INTO Equipment VALUES ('Aud-G1','projector');
INSERT INTO Equipment VALUES ('Aud-G2','projector');
INSERT INTO Equipment VALUES ('Kol-G3','projector');
INSERT INTO Equipment VALUES ('Kol-G4','projector');
INSERT INTO Equipment VALUES ('G-32','projector');
INSERT INTO Equipment VALUES ('G-33','projector');
INSERT INTO Equipment VALUES ('Aud-E','projector');
INSERT INTO Equipment VALUES ('Aud-F','projector');
INSERT INTO Equipment VALUES ('Hopper-243','projector');
INSERT INTO Equipment VALUES ('Ada-018','projector');
INSERT INTO Equipment VALUES ('Dreyer-201','whiteboard');
INSERT INTO Equipment VALUES ('Zuse-127','whiteboard');
INSERT INTO Equipment VALUES ('Shannon-164','whiteboard');
INSERT INTO Equipment VALUES ('Shannon-157','whiteboard');
INSERT INTO Equipment VALUES ('Shannon-159','whiteboard');
INSERT INTO Equipment VALUES ('Wiener-026','whiteboard');
INSERT INTO Equipment VALUES ('Hopper-334A','whiteboard');
INSERT INTO Equipment VALUES ('Ada-333','whiteboard');
INSERT INTO Equipment VALUES ('Turing-029','whiteboard');
INSERT INTO Equipment VALUES ('Turing-129','whiteboard');
INSERT INTO Equipment VALUES ('Turing-230','whiteboard');
INSERT INTO Equipment VALUES ('Turing-130','whiteboard');
INSERT INTO Equipment VALUES ('Turing-030','whiteboard');
INSERT INTO Equipment VALUES ('Stibitz-123','whiteboard');
INSERT INTO Equipment VALUES ('Hopper-334','whiteboard');
INSERT INTO Equipment VALUES ('Shannon-156','whiteboard');
INSERT INTO Equipment VALUES ('Stibitz-113','whiteboard');
INSERT INTO Equipment VALUES ('Undervisning','whiteboard');
INSERT INTO Equipment VALUES ('Store-Aud','whiteboard');
INSERT INTO Equipment VALUES ('Lille-Aud','whiteboard');
INSERT INTO Equipment VALUES ('Turing-014','whiteboard');
INSERT INTO Equipment VALUES ('Turing-229','whiteboard');
INSERT INTO Equipment VALUES ('Aud-D1','blackboard');
INSERT INTO Equipment VALUES ('Aud-D2','blackboard');
INSERT INTO Equipment VALUES ('Aud-D4','blackboard');
INSERT INTO Equipment VALUES ('Aud-G1','blackboard');
INSERT INTO Equipment VALUES ('Aud-G2','blackboard');
INSERT INTO Equipment VALUES ('Kol-G3','blackboard');
INSERT INTO Equipment VALUES ('Kol-G4','blackboard');
INSERT INTO Equipment VALUES ('G-32','blackboard');
INSERT INTO Equipment VALUES ('G-33','blackboard');
INSERT INTO Equipment VALUES ('Aud-E','blackboard');
INSERT INTO Equipment VALUES ('Aud-F','blackboard');
INSERT INTO Equipment VALUES ('Hopper-243','whiteboard');
INSERT INTO Equipment VALUES ('Ada-018','whiteboard');
INSERT INTO Equipment VALUES ('Ada-020','whiteboard');
INSERT INTO Equipment VALUES ('Ada-115','whiteboard');
INSERT INTO Equipment VALUES ('Ada-116','whiteboard');
INSERT INTO Equipment VALUES ('Ada-118','whiteboard');
INSERT INTO Equipment VALUES ('Ada-119','whiteboard');
INSERT INTO Equipment VALUES ('Ada-120','whiteboard');
INSERT INTO Equipment VALUES ('Ada-121','whiteboard');
INSERT INTO Equipment VALUES ('Ada-123','whiteboard');
INSERT INTO Equipment VALUES ('Ada-124','whiteboard');
INSERT INTO Equipment VALUES ('Ada-125','whiteboard');
INSERT INTO Equipment VALUES ('Ada-126','whiteboard');
INSERT INTO Equipment VALUES ('Ada-127','whiteboard');
INSERT INTO Equipment VALUES ('Ada-128','whiteboard');
INSERT INTO Equipment VALUES ('Ada-129','whiteboard');
INSERT INTO Equipment VALUES ('Ada-130','whiteboard');
INSERT INTO Equipment VALUES ('Ada-213','whiteboard');
INSERT INTO Equipment VALUES ('Ada-214','whiteboard');
INSERT INTO Equipment VALUES ('Ada-216','whiteboard');
INSERT INTO Equipment VALUES ('Ada-217','whiteboard');
INSERT INTO Equipment VALUES ('Ada-218','whiteboard');
INSERT INTO Equipment VALUES ('Ada-220','whiteboard');
INSERT INTO Equipment VALUES ('Ada-221','whiteboard');
INSERT INTO Equipment VALUES ('Ada-223','whiteboard');
INSERT INTO Equipment VALUES ('Ada-224','whiteboard');
INSERT INTO Equipment VALUES ('Ada-225','whiteboard');
INSERT INTO Equipment VALUES ('Ada-226','whiteboard');
INSERT INTO Equipment VALUES ('Ada-227','whiteboard');
INSERT INTO Equipment VALUES ('Ada-228','whiteboard');
INSERT INTO Equipment VALUES ('Ada-229','whiteboard');
INSERT INTO Equipment VALUES ('Ada-230','whiteboard');
INSERT INTO Equipment VALUES ('Hopper-017','mini-fridge');
INSERT INTO Equipment VALUES ('Hopper-017','blackboard');
INSERT INTO Equipment VALUES ('Hopper-018','whiteboard');
INSERT INTO Equipment VALUES ('Hopper-019','whiteboard');
INSERT INTO Equipment VALUES ('Hopper-021','whiteboard');
INSERT INTO Equipment VALUES ('Hopper-022','whiteboard');
INSERT INTO Equipment VALUES ('Hopper-023','whiteboard');
INSERT INTO Equipment VALUES ('Hopper-024','whiteboard');
INSERT INTO Equipment VALUES ('Hopper-025','whiteboard');
INSERT INTO Equipment VALUES ('Hopper-026','whiteboard');
INSERT INTO Equipment VALUES ('Hopper-027','whiteboard');
INSERT INTO Equipment VALUES ('Hopper-030','whiteboard');
INSERT INTO Equipment VALUES ('Hopper-032','whiteboard');
INSERT INTO Equipment VALUES ('Hopper-038','whiteboard');
INSERT INTO Equipment VALUES ('Hopper-117','whiteboard');
INSERT INTO Equipment VALUES ('Hopper-118','whiteboard');
INSERT INTO Equipment VALUES ('Hopper-119','whiteboard');
INSERT INTO Equipment VALUES ('Hopper-121','whiteboard');
INSERT INTO Equipment VALUES ('Hopper-122','whiteboard');
INSERT INTO Equipment VALUES ('Hopper-123','whiteboard');
INSERT INTO Equipment VALUES ('Hopper-124','whiteboard');
INSERT INTO Equipment VALUES ('Hopper-125','whiteboard');
INSERT INTO Equipment VALUES ('Hopper-126','whiteboard');
INSERT INTO Equipment VALUES ('Hopper-127','whiteboard');
INSERT INTO Equipment VALUES ('Hopper-128','whiteboard');
INSERT INTO Equipment VALUES ('Hopper-133','whiteboard');
INSERT INTO Equipment VALUES ('Hopper-134','whiteboard');
INSERT INTO Equipment VALUES ('Hopper-135','whiteboard');
INSERT INTO Equipment VALUES ('Hopper-217','whiteboard');
INSERT INTO Equipment VALUES ('Hopper-218','whiteboard');
INSERT INTO Equipment VALUES ('Hopper-219','whiteboard');
INSERT INTO Equipment VALUES ('Hopper-222','whiteboard');
INSERT INTO Equipment VALUES ('Hopper-223','whiteboard');
INSERT INTO Equipment VALUES ('Hopper-224','whiteboard');
INSERT INTO Equipment VALUES ('Hopper-225','whiteboard');
INSERT INTO Equipment VALUES ('Hopper-226','whiteboard');
INSERT INTO Equipment VALUES ('Hopper-227','whiteboard');
INSERT INTO Equipment VALUES ('Hopper-228','whiteboard');
INSERT INTO Equipment VALUES ('Hopper-230','whiteboard');
INSERT INTO Equipment VALUES ('Hopper-231','whiteboard');
INSERT INTO Equipment VALUES ('Hopper-232','whiteboard');
INSERT INTO Equipment VALUES ('Hopper-236','whiteboard');
INSERT INTO Equipment VALUES ('Hopper-326','whiteboard');
INSERT INTO Equipment VALUES ('Turing-021','whiteboard');
INSERT INTO Equipment VALUES ('Turing-023','whiteboard');
INSERT INTO Equipment VALUES ('Turing-024','whiteboard');
INSERT INTO Equipment VALUES ('Turing-025','whiteboard');
INSERT INTO Equipment VALUES ('Turing-026','whiteboard');
INSERT INTO Equipment VALUES ('Turing-027','whiteboard');
INSERT INTO Equipment VALUES ('Turing-028','whiteboard');
INSERT INTO Equipment VALUES ('Turing-114','whiteboard');
INSERT INTO Equipment VALUES ('Turing-116','whiteboard');
INSERT INTO Equipment VALUES ('Turing-117','whiteboard');
INSERT INTO Equipment VALUES ('Turing-118','whiteboard');
INSERT INTO Equipment VALUES ('Turing-119','whiteboard');
INSERT INTO Equipment VALUES ('Turing-121','whiteboard');
INSERT INTO Equipment VALUES ('Turing-122','whiteboard');
INSERT INTO Equipment VALUES ('Turing-123','whiteboard');
INSERT INTO Equipment VALUES ('Turing-124','whiteboard');
INSERT INTO Equipment VALUES ('Turing-125','whiteboard');
INSERT INTO Equipment VALUES ('Turing-126','whiteboard');
INSERT INTO Equipment VALUES ('Turing-127','whiteboard');
INSERT INTO Equipment VALUES ('Turing-213','whiteboard');
INSERT INTO Equipment VALUES ('Turing-215','whiteboard');
INSERT INTO Equipment VALUES ('Turing-216','whiteboard');
INSERT INTO Equipment VALUES ('Turing-216','blackboard');
INSERT INTO Equipment VALUES ('Turing-217','whiteboard');
INSERT INTO Equipment VALUES ('Turing-218','whiteboard');
INSERT INTO Equipment VALUES ('Turing-220','whiteboard');
INSERT INTO Equipment VALUES ('Turing-221','whiteboard');
INSERT INTO Equipment VALUES ('Turing-222','blackboard');
INSERT INTO Equipment VALUES ('Turing-223','whiteboard');
INSERT INTO Equipment VALUES ('Turing-224','whiteboard');
INSERT INTO Equipment VALUES ('Turing-225','whiteboard');
INSERT INTO Equipment VALUES ('Turing-226','whiteboard');
INSERT INTO Equipment VALUES ('Turing-227','whiteboard');
INSERT INTO Equipment VALUES ('Turing-228','whiteboard');
INSERT INTO Equipment VALUES ('Wiener-131','whiteboard');

